{"batch/loss": 2.4033548831939697, "batch/accuracy": 0.16566264629364014, "batch/batch_step": 590, "batch/learning_rate": 0.00021895281679462641, "_timestamp": 1672943320.019736, "_runtime": 18.176563024520874, "_step": 303, "epoch/loss": 2.4033548831939697, "epoch/accuracy": 0.16566264629364014, "epoch/val_loss": 3.5352439880371094, "epoch/val_accuracy": 0.0, "epoch/epoch": 7, "epoch/learning_rate": 0.00021895281679462641, "_wandb": {"runtime": 18}}