{"batch/loss": 2.38090443611145, "batch/accuracy": 0.10325655341148376, "batch/batch_step": 869, "batch/learning_rate": 0.0015045906184241176, "_timestamp": 1672942749.972768, "_runtime": 22.275477170944214, "_step": 879, "epoch/loss": 2.38090443611145, "epoch/accuracy": 0.10325655341148376, "epoch/val_loss": 2.486851453781128, "epoch/val_accuracy": 0.0, "epoch/epoch": 9, "epoch/learning_rate": 0.0015045906184241176, "_wandb": {"runtime": 23}}