{"batch/loss": 0.02954520843923092, "batch/accuracy": 0.99609375, "batch/batch_step": 442100, "batch/learning_rate": 0.0020540161058306694, "_timestamp": 1672966878.5685623, "_runtime": 883.0291833877563, "_step": 8843, "epoch/loss": 0.03575754538178444, "epoch/accuracy": 0.9919354915618896, "epoch/val_loss": 0.035517189651727676, "epoch/val_accuracy": 0.9919354915618896, "epoch/epoch": 4421, "epoch/learning_rate": 0.0020537269301712513, "_wandb": {"runtime": 895}}