{"batch/loss": 0.36247676610946655, "batch/accuracy": 0.2715008556842804, "batch/batch_step": 131, "batch/learning_rate": 1.7015316871038522e-06, "_timestamp": 1672900915.350888, "_runtime": 18.768635988235474, "_step": 135, "epoch/loss": 0.36247676610946655, "epoch/accuracy": 0.2715008556842804, "epoch/val_loss": 0.4070143401622772, "epoch/val_accuracy": 0.17962466180324554, "epoch/epoch": 3, "epoch/learning_rate": 1.7015316871038522e-06, "_wandb": {"runtime": 20}}