{"batch/loss": 0.0873371809720993, "batch/accuracy": 0.0, "batch/batch_step": 61500, "batch/learning_rate": 0.009999999776482582, "_timestamp": 1672960349.7619271, "_runtime": 75.64066910743713, "_step": 1231, "epoch/loss": 0.0734616070985794, "epoch/accuracy": 0.4212365448474884, "epoch/val_loss": 0.08173847198486328, "epoch/val_accuracy": 0.3521505296230316, "epoch/epoch": 615, "epoch/learning_rate": 0.009999999776482582, "_wandb": {"runtime": 166}}