{"batch/loss": 0.29418841004371643, "batch/accuracy": 0.40245774388313293, "batch/batch_step": 134, "batch/learning_rate": 9.75342231868126e-07, "_timestamp": 1672900672.9450386, "_runtime": 17.898571491241455, "_step": 71, "epoch/loss": 0.29418841004371643, "epoch/accuracy": 0.40245774388313293, "epoch/val_loss": 0.34887707233428955, "epoch/val_accuracy": 0.30158731341362, "epoch/epoch": 3, "epoch/learning_rate": 9.75342231868126e-07, "_wandb": {"runtime": 18}}