{"batch/loss": 0.0862015038728714, "batch/accuracy": 0.11363636702299118, "batch/batch_step": 835, "batch/learning_rate": 9.024999485518492e-07, "_timestamp": 1672952107.1196678, "_runtime": 160.00346088409424, "_step": 911, "epoch/loss": 0.0862015038728714, "epoch/accuracy": 0.11363636702299118, "epoch/val_loss": 0.08498363941907883, "epoch/val_accuracy": 0.0, "epoch/epoch": 75, "epoch/learning_rate": 9.024999485518492e-07, "_wandb": {"runtime": 179}}