{"batch/loss": 1.4642949104309082, "batch/accuracy": 0.391147255897522, "batch/batch_step": 466, "batch/learning_rate": 0.001574815483763814, "_timestamp": 1672953112.687244, "_runtime": 18.381691932678223, "_step": 246, "epoch/loss": 1.4642949104309082, "epoch/accuracy": 0.391147255897522, "epoch/val_loss": 3.7998087406158447, "epoch/val_accuracy": 0.0, "epoch/epoch": 12, "epoch/learning_rate": 0.001574815483763814, "_wandb": {"runtime": 18}}