{"batch/loss": 0.13348953425884247, "batch/accuracy": 0.98828125, "batch/batch_step": 37900, "batch/learning_rate": 0.00281882518902421, "_timestamp": 1672978199.902053, "_runtime": 141.7150890827179, "_step": 759, "epoch/loss": 0.12052515149116516, "epoch/accuracy": 0.9912555813789368, "epoch/val_loss": 0.08798748254776001, "epoch/val_accuracy": 0.9928250908851624, "epoch/epoch": 379, "epoch/learning_rate": 0.0028163681272417307, "_wandb": {"runtime": 171}}