{"batch/loss": 0.15568813681602478, "batch/accuracy": 0.1419573575258255, "batch/batch_step": 350, "batch/learning_rate": 0.0018542022444307804, "_timestamp": 1672942262.7372952, "_runtime": 9.916384220123291, "_step": 183, "epoch/loss": 0.15562541782855988, "epoch/accuracy": 0.1423039734363556, "epoch/val_loss": 0.18168669939041138, "epoch/val_accuracy": 0.0, "epoch/epoch": 7, "epoch/learning_rate": 0.0018542022444307804, "_wandb": {"runtime": 10}}