{"batch/loss": 0.4707866907119751, "batch/accuracy": 0.9453125, "batch/batch_step": 198000, "batch/learning_rate": 8.134694326145109e-06, "_timestamp": 1672972390.7311726, "_runtime": 148.2857174873352, "_step": 3961, "epoch/loss": 0.4489600956439972, "epoch/accuracy": 0.9564999938011169, "epoch/val_loss": 1.0801573991775513, "epoch/val_accuracy": 0.6190000176429749, "epoch/epoch": 1980, "epoch/learning_rate": 8.107715984806418e-06, "_wandb": {"runtime": 147}}