{"batch/loss": 1.2709925174713135, "batch/accuracy": 0.39637306332588196, "batch/batch_step": 2200, "batch/learning_rate": 0.0039952839724719524, "_timestamp": 1672984175.5118718, "_runtime": 5.190241813659668, "_step": 45, "epoch/loss": 1.2709925174713135, "epoch/accuracy": 0.39637306332588196, "epoch/val_loss": 2.4787824153900146, "epoch/val_accuracy": 0.0, "epoch/epoch": 22, "epoch/learning_rate": 0.0039952839724719524, "_wandb": {"runtime": 12}}