{"batch/loss": 0.15503822267055511, "batch/accuracy": 0.10319599509239197, "batch/batch_step": 448, "batch/learning_rate": 0.0005450762691907585, "_timestamp": 1672942094.0760756, "_runtime": 11.107888460159302, "_step": 233, "epoch/loss": 0.1550847738981247, "epoch/accuracy": 0.10312024503946304, "epoch/val_loss": 0.14777395129203796, "epoch/val_accuracy": 0.1711309552192688, "epoch/epoch": 8, "epoch/learning_rate": 0.0005450762691907585, "_wandb": {"runtime": 11}}