{"batch/loss": 1.450345516204834, "batch/accuracy": 0.1875, "batch/batch_step": 10400, "batch/learning_rate": 0.002410529414191842, "_timestamp": 1673021271.024976, "_runtime": 65.94138312339783, "_step": 209, "epoch/loss": 1.4117536544799805, "epoch/accuracy": 0.2694380283355713, "epoch/val_loss": 1.3849650621414185, "epoch/val_accuracy": 0.26461538672447205, "epoch/epoch": 104, "epoch/learning_rate": 0.0024055885151028633, "_wandb": {"runtime": 77}}