{"batch/loss": 2.5334722995758057, "batch/accuracy": 0.10182119160890579, "batch/batch_step": 334, "batch/learning_rate": 9.543605119688436e-05, "_timestamp": 1672944269.6787274, "_runtime": 29.1499764919281, "_step": 175, "epoch/loss": 2.5334722995758057, "epoch/accuracy": 0.10182119160890579, "epoch/val_loss": 2.6562182903289795, "epoch/val_accuracy": 0.0, "epoch/epoch": 7, "epoch/learning_rate": 9.543605119688436e-05, "_wandb": {"runtime": 30}}