{"batch/loss": 0.41848814487457275, "batch/accuracy": 0.1619318127632141, "batch/batch_step": 10, "batch/learning_rate": 0.0010000000474974513, "_timestamp": 1672893833.2645104, "_runtime": 9.141118288040161, "_step": 3, "epoch/loss": 0.40906769037246704, "epoch/accuracy": 0.18005181849002838, "epoch/val_loss": 0.3994845449924469, "epoch/val_accuracy": 0.2010309249162674, "epoch/epoch": 0, "epoch/learning_rate": 0.0010000000474974513, "_wandb": {"runtime": 13}}