{"batch/loss": 0.1637761890888214, "batch/accuracy": 0.09471830725669861, "batch/batch_step": 574, "batch/learning_rate": 0.000305903929984197, "_timestamp": 1672943377.5737872, "_runtime": 16.69911813735962, "_step": 295, "epoch/loss": 0.1637558490037918, "epoch/accuracy": 0.09487269073724747, "epoch/val_loss": 0.18181665241718292, "epoch/val_accuracy": 0.0, "epoch/epoch": 7, "epoch/learning_rate": 0.000305903929984197, "_wandb": {"runtime": 17}}