{"batch/loss": 0.1640811413526535, "batch/accuracy": 0.09360374510288239, "batch/batch_step": 687, "batch/learning_rate": 0.0004229932092130184, "_timestamp": 1672942901.8414176, "_runtime": 17.979955434799194, "_step": 695, "epoch/loss": 0.1640811413526535, "epoch/accuracy": 0.09360374510288239, "epoch/val_loss": 0.1570727825164795, "epoch/val_accuracy": 0.13179348409175873, "epoch/epoch": 7, "epoch/learning_rate": 0.0004229932092130184, "_wandb": {"runtime": 18}}