{"batch/loss": 2.0247089862823486, "batch/accuracy": 0.2214498519897461, "batch/batch_step": 298, "batch/learning_rate": 0.003148284973576665, "_timestamp": 1672953014.9136064, "_runtime": 26.842751502990723, "_step": 164, "epoch/loss": 2.0248563289642334, "epoch/accuracy": 0.2214765101671219, "epoch/val_loss": 3.620260000228882, "epoch/val_accuracy": 0.0, "epoch/epoch": 14, "epoch/learning_rate": 0.003148284973576665, "_wandb": {"runtime": 27}}