{"batch/loss": 0.1564856618642807, "batch/accuracy": 0.12943722307682037, "batch/batch_step": 310, "batch/learning_rate": 4.0025031921686605e-05, "_timestamp": 1672942635.949798, "_runtime": 11.051778078079224, "_step": 159, "epoch/loss": 0.15657803416252136, "epoch/accuracy": 0.1289079189300537, "epoch/val_loss": 0.14254994690418243, "epoch/val_accuracy": 0.21450777351856232, "epoch/epoch": 3, "epoch/learning_rate": 4.0025031921686605e-05, "_wandb": {"runtime": 12}}