{"batch/loss": 0.20636531710624695, "batch/accuracy": 0.17921146750450134, "batch/batch_step": 222, "batch/learning_rate": 1.0875467069126898e-06, "_timestamp": 1672900506.3121908, "_runtime": 30.62087368965149, "_step": 118, "epoch/loss": 0.20616842806339264, "epoch/accuracy": 0.18063753843307495, "epoch/val_loss": 0.1878628134727478, "epoch/val_accuracy": 0.4453781545162201, "epoch/epoch": 6, "epoch/learning_rate": 1.0875467069126898e-06, "_wandb": {"runtime": 31}}