{"batch/loss": 1.3924466371536255, "batch/accuracy": 0.21875, "batch/batch_step": 12600, "batch/learning_rate": 0.003068724414333701, "_timestamp": 1673021114.5797565, "_runtime": 89.23892259597778, "_step": 253, "epoch/loss": 1.3913379907608032, "epoch/accuracy": 0.2909930646419525, "epoch/val_loss": 1.3846585750579834, "epoch/val_accuracy": 0.26461538672447205, "epoch/epoch": 126, "epoch/learning_rate": 0.003062434261664748, "_wandb": {"runtime": 153}}