{"batch/loss": 0.08443991839885712, "batch/accuracy": 0.09719625860452652, "batch/batch_step": 530, "batch/learning_rate": 0.000103826227132231, "_timestamp": 1672944930.4370697, "_runtime": 10.89776062965393, "_step": 539, "epoch/loss": 0.08443991839885712, "epoch/accuracy": 0.09719625860452652, "epoch/val_loss": 0.08341187983751297, "epoch/val_accuracy": 0.07999999821186066, "epoch/epoch": 8, "epoch/learning_rate": 0.000103826227132231, "_wandb": {"runtime": 11}}