{"batch/loss": 0.08017151057720184, "batch/accuracy": 0.21622787415981293, "batch/batch_step": 687, "batch/learning_rate": 0.0035074246115982533, "_timestamp": 1672944801.7702162, "_runtime": 10.922794342041016, "_step": 695, "epoch/loss": 0.08017151057720184, "epoch/accuracy": 0.21622787415981293, "epoch/val_loss": 0.08885028213262558, "epoch/val_accuracy": 0.03153611347079277, "epoch/epoch": 7, "epoch/learning_rate": 0.0035074246115982533, "_wandb": {"runtime": 11}}