{"batch/loss": 0.17620766162872314, "batch/accuracy": 0.02698993682861328, "batch/batch_step": 150, "batch/learning_rate": 0.0019112706650048494, "_timestamp": 1672943123.0035594, "_runtime": 9.762460231781006, "_step": 79, "epoch/loss": 0.17620766162872314, "epoch/accuracy": 0.02698993682861328, "epoch/val_loss": 0.13532288372516632, "epoch/val_accuracy": 0.2531418204307556, "epoch/epoch": 3, "epoch/learning_rate": 0.0019112706650048494, "_wandb": {"runtime": 10}}