{"batch/loss": 0.09122821688652039, "batch/accuracy": 0.0, "batch/batch_step": 55, "batch/learning_rate": 0.009999999776482582, "_timestamp": 1672954472.2802951, "_runtime": 26.531814098358154, "_step": 11, "epoch/loss": 0.08598589152097702, "epoch/accuracy": 0.09090909361839294, "epoch/val_loss": 0.08743873983621597, "epoch/val_accuracy": 0.09090909361839294, "epoch/epoch": 5, "epoch/learning_rate": 0.009999999776482582}