{"batch/loss": 0.6331687569618225, "batch/accuracy": 0.9453125, "batch/batch_step": 124900, "batch/learning_rate": 3.372925050371123e-07, "_timestamp": 1672972499.0602705, "_runtime": 93.1004285812378, "_step": 2499, "epoch/loss": 0.6103614568710327, "epoch/accuracy": 0.9564999938011169, "epoch/val_loss": 1.13173508644104, "epoch/val_accuracy": 0.6194999814033508, "epoch/epoch": 1249, "epoch/learning_rate": 3.3470018934167456e-07, "_wandb": {"runtime": 92}}