{"batch/loss": 0.34356576204299927, "batch/accuracy": 0.297468364238739, "batch/batch_step": 131, "batch/learning_rate": 1.7562273342264234e-06, "_timestamp": 1672900812.2028506, "_runtime": 38.85986566543579, "_step": 142, "epoch/loss": 0.34356576204299927, "epoch/accuracy": 0.297468364238739, "epoch/val_loss": 0.3059459328651428, "epoch/val_accuracy": 0.35628741979599, "epoch/epoch": 10, "epoch/learning_rate": 1.7562273342264234e-06, "_wandb": {"runtime": 40}}