{"batch/loss": 1.6684134006500244, "batch/accuracy": 0.03125, "batch/batch_step": 10400, "batch/learning_rate": 0.003692211350426078, "_timestamp": 1672985150.6354108, "_runtime": 29.444394826889038, "_step": 209, "epoch/loss": 1.3759150505065918, "epoch/accuracy": 0.31779661774635315, "epoch/val_loss": 1.5201512575149536, "epoch/val_accuracy": 0.016949152573943138, "epoch/epoch": 104, "epoch/learning_rate": 0.003689560806378722, "_wandb": {"runtime": 43}}