{"batch/loss": 0.1742919534444809, "batch/accuracy": 0.97265625, "batch/batch_step": 138300, "batch/learning_rate": 0.000978938303887844, "_timestamp": 1673034356.9330022, "_runtime": 411.735068321228, "_step": 2767, "epoch/loss": 0.1850365251302719, "epoch/accuracy": 0.9716066718101501, "epoch/val_loss": 0.18609948456287384, "epoch/val_accuracy": 0.950138509273529, "epoch/epoch": 1383, "epoch/learning_rate": 0.000978928292170167}