{"batch/loss": 2.439553737640381, "batch/accuracy": 0.09769521653652191, "batch/batch_step": 346, "batch/learning_rate": 0.0012359404936432838, "_timestamp": 1672943473.2679389, "_runtime": 15.105589866638184, "_step": 179, "epoch/loss": 2.438854694366455, "epoch/accuracy": 0.09894950687885284, "epoch/val_loss": 2.441829204559326, "epoch/val_accuracy": 0.0, "epoch/epoch": 5, "epoch/learning_rate": 0.0012359404936432838}