{"batch/loss": 0.08668733388185501, "batch/accuracy": 0.09863496571779251, "batch/batch_step": 237, "batch/learning_rate": 0.00317699764855206, "_timestamp": 1672944709.4846866, "_runtime": 8.410432577133179, "_step": 244, "epoch/loss": 0.08668733388185501, "epoch/accuracy": 0.09863496571779251, "epoch/val_loss": 0.08251440525054932, "epoch/val_accuracy": 0.031098153442144394, "epoch/epoch": 6, "epoch/learning_rate": 0.00317699764855206, "_wandb": {"runtime": 8}}