{"batch/loss": 2.547543525695801, "batch/accuracy": 0.11818528175354004, "batch/batch_step": 279, "batch/learning_rate": 0.002168613951653242, "_timestamp": 1672944132.8485298, "_runtime": 16.512247800827026, "_step": 287, "epoch/loss": 2.547543525695801, "epoch/accuracy": 0.11818528175354004, "epoch/val_loss": 3.485086441040039, "epoch/val_accuracy": 0.0, "epoch/epoch": 7, "epoch/learning_rate": 0.002168613951653242, "_wandb": {"runtime": 17}}