{"batch/loss": 0.03326766565442085, "batch/accuracy": 0.8026620149612427, "batch/batch_step": 31040, "batch/learning_rate": 0.009999999776482582, "_timestamp": 1672958852.3267012, "_runtime": 199.77393126487732, "_step": 3449, "epoch/loss": 0.03093111515045166, "epoch/accuracy": 0.8223958611488342, "epoch/val_loss": 0.08455198258161545, "epoch/val_accuracy": 0.0972222238779068, "epoch/epoch": 344, "epoch/learning_rate": 0.009999999776482582, "_wandb": {"runtime": 219}}