{"batch/loss": 0.058659862726926804, "batch/accuracy": 0.99609375, "batch/batch_step": 157200, "batch/learning_rate": 0.003009880194440484, "_timestamp": 1672969352.6913867, "_runtime": 229.51889181137085, "_step": 3145, "epoch/loss": 0.06794748455286026, "epoch/accuracy": 0.9910633563995361, "epoch/val_loss": 0.5506093502044678, "epoch/val_accuracy": 0.885520339012146, "epoch/epoch": 1572, "epoch/learning_rate": 0.0030093661043792963, "_wandb": {"runtime": 461}}