{"batch/loss": 0.16927570104599, "batch/accuracy": 0.986328125, "batch/batch_step": 139300, "batch/learning_rate": 0.00011717811867129058, "_timestamp": 1673038593.4663668, "_runtime": 311.5054907798767, "_step": 2787, "epoch/loss": 0.17665736377239227, "epoch/accuracy": 0.9816031455993652, "epoch/val_loss": 0.16515561938285828, "epoch/val_accuracy": 0.9737532734870911, "epoch/epoch": 1393, "epoch/learning_rate": 0.00011705796350724995, "_wandb": {"runtime": 368}}