{"batch/loss": 0.29251885414123535, "batch/accuracy": 0.41351351141929626, "batch/batch_step": 79, "batch/learning_rate": 1.9216972759750206e-06, "_timestamp": 1672900359.316076, "_runtime": 25.662480115890503, "_step": 84, "epoch/loss": 0.29251885414123535, "epoch/accuracy": 0.41351351141929626, "epoch/val_loss": 0.37831857800483704, "epoch/val_accuracy": 0.24336282908916473, "epoch/epoch": 4, "epoch/learning_rate": 1.9216972759750206e-06, "_wandb": {"runtime": 26}}