{"batch/loss": 2.4210143089294434, "batch/accuracy": 0.1421370953321457, "batch/batch_step": 209, "batch/learning_rate": 0.0018784035928547382, "_timestamp": 1672943268.449764, "_runtime": 12.062079906463623, "_step": 214, "epoch/loss": 2.4210143089294434, "epoch/accuracy": 0.1421370953321457, "epoch/val_loss": 2.4172768592834473, "epoch/val_accuracy": 0.0, "epoch/epoch": 4, "epoch/learning_rate": 0.0018784035928547382, "_wandb": {"runtime": 12}}