{"batch/loss": 0.08494698256254196, "batch/accuracy": 0.11325757205486298, "batch/batch_step": 252, "batch/learning_rate": 0.009999999776482582, "_timestamp": 1672952213.240017, "_runtime": 51.11479687690735, "_step": 275, "epoch/loss": 0.08494698256254196, "epoch/accuracy": 0.11325757205486298, "epoch/val_loss": 0.0910993367433548, "epoch/val_accuracy": 0.0, "epoch/epoch": 22, "epoch/learning_rate": 0.009999999776482582}