{"batch/loss": 2.5900509357452393, "batch/accuracy": 0.10919143259525299, "batch/batch_step": 44, "batch/learning_rate": 0.0008659074082970619, "_timestamp": 1672944836.3295274, "_runtime": 4.493420362472534, "_step": 47, "epoch/loss": 2.5900509357452393, "epoch/accuracy": 0.10919143259525299, "epoch/val_loss": 2.54876708984375, "epoch/val_accuracy": 0.14139233529567719, "epoch/epoch": 2, "epoch/learning_rate": 0.0008659074082970619, "_wandb": {"runtime": 5}}