{"batch/loss": 2.4816722869873047, "batch/accuracy": 0.1371428519487381, "batch/batch_step": 119, "batch/learning_rate": 0.0020779287442564964, "_timestamp": 1672945112.6275, "_runtime": 5.810935974121094, "_step": 123, "epoch/loss": 2.4816722869873047, "epoch/accuracy": 0.1371428519487381, "epoch/val_loss": 2.540405511856079, "epoch/val_accuracy": 0.0, "epoch/epoch": 3, "epoch/learning_rate": 0.0020779287442564964, "_wandb": {"runtime": 6}}