{"batch/loss": 0.9489998817443848, "batch/accuracy": 0.9375, "batch/batch_step": 10100, "batch/learning_rate": 0.003441835753619671, "_timestamp": 1672987599.9721758, "_runtime": 52.77957773208618, "_step": 203, "epoch/loss": 1.3488374948501587, "epoch/accuracy": 0.3781979978084564, "epoch/val_loss": 1.5323222875595093, "epoch/val_accuracy": 0.1066666692495346, "epoch/epoch": 101, "epoch/learning_rate": 0.003436896251514554}