{"batch/loss": 0.16113586723804474, "batch/accuracy": 0.11363636702299118, "batch/batch_step": 497, "batch/learning_rate": 0.0010000000474974513, "_timestamp": 1672940875.7912924, "_runtime": 20.16088342666626, "_step": 503, "epoch/loss": 0.16113586723804474, "epoch/accuracy": 0.11363636702299118, "epoch/val_loss": 0.18181821703910828, "epoch/val_accuracy": 0.0, "epoch/epoch": 5, "epoch/learning_rate": 0.0010000000474974513, "_wandb": {"runtime": 21}}