{"batch/loss": 0.7713944315910339, "batch/accuracy": 0.755859375, "batch/batch_step": 52400, "batch/learning_rate": 9.224847599398345e-05, "_timestamp": 1673033852.8062108, "_runtime": 162.59953665733337, "_step": 1048, "epoch/loss": 0.7634125351905823, "epoch/accuracy": 0.7693905830383301, "epoch/val_loss": 0.7115039825439453, "epoch/val_accuracy": 0.8310249447822571, "epoch/epoch": 523, "epoch/learning_rate": 9.225321264239028e-05}