{"batch/loss": 0.0754079669713974, "batch/accuracy": 0.99609375, "batch/batch_step": 260500, "batch/learning_rate": 0.0018726272974163294, "_timestamp": 1672970049.8864632, "_runtime": 337.397292137146, "_step": 5211, "epoch/loss": 0.07914372533559799, "epoch/accuracy": 0.9917420744895935, "epoch/val_loss": 0.2528489828109741, "epoch/val_accuracy": 0.885520339012146, "epoch/epoch": 2605, "epoch/learning_rate": 0.001872307388111949, "_wandb": {"runtime": 439}}