{"batch/loss": 0.08869235962629318, "batch/accuracy": 0.08953669667243958, "batch/batch_step": 106, "batch/learning_rate": 0.0016685152659192681, "_timestamp": 1672945013.9599006, "_runtime": 9.774637699127197, "_step": 59, "epoch/loss": 0.08869587630033493, "epoch/accuracy": 0.09193707257509232, "epoch/val_loss": 0.0850067287683487, "epoch/val_accuracy": 0.056872036308050156, "epoch/epoch": 5, "epoch/learning_rate": 0.0016685152659192681, "_wandb": {"runtime": 10}}