{"batch/loss": 0.1642521321773529, "batch/accuracy": 0.09350104629993439, "batch/batch_step": 182, "batch/learning_rate": 0.0012557273730635643, "_timestamp": 1672942514.856229, "_runtime": 6.7769551277160645, "_step": 95, "epoch/loss": 0.16420978307724, "epoch/accuracy": 0.09376290440559387, "epoch/val_loss": 0.15513312816619873, "epoch/val_accuracy": 0.14675767719745636, "epoch/epoch": 3, "epoch/learning_rate": 0.0012557273730635643, "_wandb": {"runtime": 7}}