{"batch/loss": 0.08762145787477493, "batch/accuracy": 0.09680134803056717, "batch/batch_step": 258, "batch/learning_rate": 0.005334433633834124, "_timestamp": 1672952909.853561, "_runtime": 9.144804954528809, "_step": 265, "epoch/loss": 0.08762145787477493, "epoch/accuracy": 0.09680134803056717, "epoch/val_loss": 0.08439290523529053, "epoch/val_accuracy": 0.0, "epoch/epoch": 6, "epoch/learning_rate": 0.005334433633834124, "_wandb": {"runtime": 9}}