{"batch/loss": 2.3752081394195557, "batch/accuracy": 0.12699078023433685, "batch/batch_step": 808, "batch/learning_rate": 0.0009252692689187825, "_timestamp": 1672941513.5406072, "_runtime": 13.293573141098022, "_step": 413, "epoch/loss": 2.3752081394195557, "epoch/accuracy": 0.12699078023433685, "epoch/val_loss": 2.565455913543701, "epoch/val_accuracy": 0.0, "epoch/epoch": 8, "epoch/learning_rate": 0.0009252692689187825, "_wandb": {"runtime": 13}}