{"batch/loss": 1.8061535358428955, "batch/accuracy": 0.03125, "batch/batch_step": 1000, "batch/learning_rate": 0.003969138953834772, "_timestamp": 1672984944.0128472, "_runtime": 6.894554138183594, "_step": 21, "epoch/loss": 1.458936095237732, "epoch/accuracy": 0.2542372941970825, "epoch/val_loss": 1.391880989074707, "epoch/val_accuracy": 0.4576271176338196, "epoch/epoch": 10, "epoch/learning_rate": 0.003966289572417736, "_wandb": {"runtime": 27}}