{"batch/loss": 2.365802049636841, "batch/accuracy": 0.14463602006435394, "batch/batch_step": 1062, "batch/learning_rate": 0.00043771276250481606, "_timestamp": 1672943182.801315, "_runtime": 32.82836604118347, "_step": 545, "epoch/loss": 2.365802049636841, "epoch/accuracy": 0.14463602006435394, "epoch/val_loss": 2.458649158477783, "epoch/val_accuracy": 0.0, "epoch/epoch": 13, "epoch/learning_rate": 0.00043771276250481606, "_wandb": {"runtime": 33}}