{"batch/loss": 2.2879109382629395, "batch/accuracy": 0.0, "batch/batch_step": 1000, "batch/learning_rate": 0.003969138953834772, "_timestamp": 1672985072.8663132, "_runtime": 6.182199239730835, "_step": 21, "epoch/loss": 1.4263994693756104, "epoch/accuracy": 0.3411017060279846, "epoch/val_loss": 1.4880260229110718, "epoch/val_accuracy": 0.016949152573943138, "epoch/epoch": 10, "epoch/learning_rate": 0.003966289572417736, "_wandb": {"runtime": 24}}