{"batch/loss": 2.3718690872192383, "batch/accuracy": 0.1696065068244934, "batch/batch_step": 118, "batch/learning_rate": 8.763747246121056e-06, "_timestamp": 1672952871.8889804, "_runtime": 8.46723747253418, "_step": 125, "epoch/loss": 2.3718690872192383, "epoch/accuracy": 0.1696065068244934, "epoch/val_loss": 2.738373279571533, "epoch/val_accuracy": 0.014238772913813591, "epoch/epoch": 6, "epoch/learning_rate": 8.763747246121056e-06, "_wandb": {"runtime": 8}}