{"batch/loss": 0.08666091412305832, "batch/accuracy": 0.0, "batch/batch_step": 10120, "batch/learning_rate": 0.009999999776482582, "_timestamp": 1672954672.399864, "_runtime": 160.68720507621765, "_step": 93, "epoch/loss": 0.08602755516767502, "epoch/accuracy": 0.11363636702299118, "epoch/val_loss": 0.0795460194349289, "epoch/val_accuracy": 0.0, "epoch/epoch": 46, "epoch/learning_rate": 0.009999999776482582}