{"batch/loss": 0.36449265480041504, "batch/accuracy": 0.2669616639614105, "batch/batch_step": 158, "batch/learning_rate": 1.9945448457292514e-06, "_timestamp": 1672900740.1541076, "_runtime": 34.025697469711304, "_step": 87, "epoch/loss": 0.36449265480041504, "epoch/accuracy": 0.2669616639614105, "epoch/val_loss": 0.3559027910232544, "epoch/val_accuracy": 0.2881944477558136, "epoch/epoch": 7, "epoch/learning_rate": 1.9945448457292514e-06, "_wandb": {"runtime": 36}}