{"batch/loss": 0.0899525135755539, "batch/accuracy": 0.06280193477869034, "batch/batch_step": 278, "batch/learning_rate": 0.0006718156510032713, "_timestamp": 1672943975.603468, "_runtime": 10.722378015518188, "_step": 143, "epoch/loss": 0.08997074514627457, "epoch/accuracy": 0.06252298504114151, "epoch/val_loss": 0.08025795966386795, "epoch/val_accuracy": 0.19621342420578003, "epoch/epoch": 3, "epoch/learning_rate": 0.0006718156510032713, "_wandb": {"runtime": 11}}