{"batch/loss": 0.16252684593200684, "batch/accuracy": 0.10318107903003693, "batch/batch_step": 958, "batch/learning_rate": 0.0005497552338056266, "_timestamp": 1672941558.2195754, "_runtime": 11.295567512512207, "_step": 965, "epoch/loss": 0.16252684593200684, "epoch/accuracy": 0.10318107903003693, "epoch/val_loss": 0.1603773534297943, "epoch/val_accuracy": 0.1179245263338089, "epoch/epoch": 6, "epoch/learning_rate": 0.0005497552338056266, "_wandb": {"runtime": 11}}