{"batch/loss": 0.16281674802303314, "batch/accuracy": 0.10102389007806778, "batch/batch_step": 309, "batch/learning_rate": 0.0016445977380499244, "_timestamp": 1672942596.6160264, "_runtime": 11.60109829902649, "_step": 314, "epoch/loss": 0.16281674802303314, "epoch/accuracy": 0.10102389007806778, "epoch/val_loss": 0.17981374263763428, "epoch/val_accuracy": 0.0027027027681469917, "epoch/epoch": 4, "epoch/learning_rate": 0.0016445977380499244, "_wandb": {"runtime": 12}}