{"batch/loss": 0.08577227592468262, "batch/accuracy": 0.09545454382896423, "batch/batch_step": 76, "batch/learning_rate": 9.999999974752427e-07, "_timestamp": 1672947520.4684124, "_runtime": 13.450418472290039, "_step": 83, "epoch/loss": 0.08577227592468262, "epoch/accuracy": 0.09545454382896423, "epoch/val_loss": 0.08702045679092407, "epoch/val_accuracy": 0.0030303029343485832, "epoch/epoch": 6, "epoch/learning_rate": 9.999999974752427e-07}