{"batch/loss": 0.2806069552898407, "batch/accuracy": 0.4391191601753235, "batch/batch_step": 24, "batch/learning_rate": 0.0010000000474974513, "_timestamp": 1672895895.7936924, "_runtime": 8.757426261901855, "_step": 25, "epoch/loss": 0.2806069552898407, "epoch/accuracy": 0.4391191601753235, "epoch/val_loss": 0.3994845449924469, "epoch/val_accuracy": 0.2010309249162674, "epoch/epoch": 0, "epoch/learning_rate": 0.0010000000474974513, "_wandb": {"runtime": 12}}