{"batch/loss": 2.739616632461548, "batch/accuracy": 0.11178451031446457, "batch/batch_step": 111, "batch/learning_rate": 0.0007760381558910012, "_timestamp": 1672944676.459481, "_runtime": 5.221265077590942, "_step": 115, "epoch/loss": 2.739616632461548, "epoch/accuracy": 0.11178451031446457, "epoch/val_loss": 3.416926622390747, "epoch/val_accuracy": 0.0, "epoch/epoch": 3, "epoch/learning_rate": 0.0007760381558910012, "_wandb": {"runtime": 5}}