{"batch/loss": 2.871458053588867, "batch/accuracy": 0.10802306979894638, "batch/batch_step": 155, "batch/learning_rate": 0.0004634312936104834, "_timestamp": 1672943849.0252256, "_runtime": 13.174111604690552, "_step": 161, "epoch/loss": 2.871458053588867, "epoch/accuracy": 0.10802306979894638, "epoch/val_loss": 2.8125574588775635, "epoch/val_accuracy": 0.015793252736330032, "epoch/epoch": 5, "epoch/learning_rate": 0.0004634312936104834, "_wandb": {"runtime": 14}}