{"batch/loss": 0.06826093047857285, "batch/accuracy": 0.34696969389915466, "batch/batch_step": 663, "batch/learning_rate": 0.0010000000474974513, "_timestamp": 1672940174.2451625, "_runtime": 26.8792724609375, "_step": 671, "epoch/loss": 0.06826093047857285, "epoch/accuracy": 0.34696969389915466, "epoch/val_loss": 0.11118949949741364, "epoch/val_accuracy": 0.0, "epoch/epoch": 7, "epoch/learning_rate": 0.0010000000474974513, "_wandb": {"runtime": 28}}