{"batch/loss": 1.9886579513549805, "batch/accuracy": 0.3306010961532593, "batch/batch_step": 896, "batch/learning_rate": 1.197113306261599e-06, "_timestamp": 1672942810.804148, "_runtime": 27.185631036758423, "_step": 909, "epoch/loss": 1.9886579513549805, "epoch/accuracy": 0.3306010961532593, "epoch/val_loss": 13.676467895507812, "epoch/val_accuracy": 0.07518115639686584, "epoch/epoch": 12, "epoch/learning_rate": 1.197113306261599e-06, "_wandb": {"runtime": 27}}