{"batch/loss": 1.4553306102752686, "batch/accuracy": 0.2734375, "batch/batch_step": 10300, "batch/learning_rate": 2.929595268074168e-23, "_timestamp": 1673034897.3825362, "_runtime": 38.21631717681885, "_step": 207, "epoch/loss": 1.4437764883041382, "epoch/accuracy": 0.2770083248615265, "epoch/val_loss": 1.3872202634811401, "epoch/val_accuracy": 0.3434903025627136, "epoch/epoch": 103, "epoch/learning_rate": 2.1917304338433498e-23, "_wandb": {"runtime": 54}}