{"batch/loss": 0.06790874153375626, "batch/accuracy": 0.947265625, "batch/batch_step": 40600, "batch/learning_rate": 0.0007059026975184679, "_timestamp": 1672962379.4708464, "_runtime": 68.47551536560059, "_step": 813, "epoch/loss": 0.07726796716451645, "epoch/accuracy": 0.35282257199287415, "epoch/val_loss": 0.0799572542309761, "epoch/val_accuracy": 0.286559134721756, "epoch/epoch": 406, "epoch/learning_rate": 0.0007042149663902819, "_wandb": {"runtime": 90}}