{"batch/loss": 0.08963558077812195, "batch/accuracy": 0.11790567636489868, "batch/batch_step": 96, "batch/learning_rate": 0.003110715188086033, "_timestamp": 1672943892.2607627, "_runtime": 14.488344669342041, "_step": 55, "epoch/loss": 0.08963558077812195, "epoch/accuracy": 0.11790567636489868, "epoch/val_loss": 0.09029266238212585, "epoch/val_accuracy": 0.06390977650880814, "epoch/epoch": 6, "epoch/learning_rate": 0.003110715188086033, "_wandb": {"runtime": 15}}