{"batch/loss": 0.15090376138687134, "batch/accuracy": 0.98828125, "batch/batch_step": 185600, "batch/learning_rate": 0.0007515238248743117, "_timestamp": 1673023352.1800935, "_runtime": 303.88422656059265, "_step": 3713, "epoch/loss": 0.1355208158493042, "epoch/accuracy": 0.988227128982544, "epoch/val_loss": 0.13324010372161865, "epoch/val_accuracy": 0.9723756909370422, "epoch/epoch": 1856, "epoch/learning_rate": 0.0007514466997236013, "_wandb": {"runtime": 321}}