{"batch/loss": 2.3910717964172363, "batch/accuracy": 0.11176012456417084, "batch/batch_step": 306, "batch/learning_rate": 0.001175608835183084, "_timestamp": 1672942548.0739782, "_runtime": 10.325630187988281, "_step": 160, "epoch/loss": 2.3910717964172363, "epoch/accuracy": 0.11176012456417084, "epoch/val_loss": 2.4288225173950195, "epoch/val_accuracy": 0.0, "epoch/epoch": 6, "epoch/learning_rate": 0.001175608835183084, "_wandb": {"runtime": 10}}