{"batch/loss": 0.2098972648382187, "batch/accuracy": 0.96875, "batch/batch_step": 127700, "batch/learning_rate": 0.0008771700668148696, "_timestamp": 1673032852.8608449, "_runtime": 316.3263998031616, "_step": 2555, "epoch/loss": 0.20534060895442963, "epoch/accuracy": 0.9702215790748596, "epoch/val_loss": 0.19856508076190948, "epoch/val_accuracy": 0.950138509273529, "epoch/epoch": 1277, "epoch/learning_rate": 0.0008771251305006444, "_wandb": {"runtime": 543}}