{"batch/loss": 0.09002199023962021, "batch/accuracy": 0.10814815014600754, "batch/batch_step": 228, "batch/learning_rate": 0.003101895097643137, "_timestamp": 1672944647.8255286, "_runtime": 7.218221664428711, "_step": 119, "epoch/loss": 0.09003713726997375, "epoch/accuracy": 0.10823789983987808, "epoch/val_loss": 0.09280436486005783, "epoch/val_accuracy": 0.0, "epoch/epoch": 4, "epoch/learning_rate": 0.003101895097643137, "_wandb": {"runtime": 7}}