{"batch/loss": 2.198817014694214, "batch/accuracy": 0.18608058989048004, "batch/batch_step": 918, "batch/learning_rate": 0.0018921068403869867, "_timestamp": 1672952472.5588984, "_runtime": 14.394227504730225, "_step": 469, "epoch/loss": 2.1991164684295654, "epoch/accuracy": 0.1859443634748459, "epoch/val_loss": 4.362579345703125, "epoch/val_accuracy": 0.0, "epoch/epoch": 9, "epoch/learning_rate": 0.0018921068403869867, "_wandb": {"runtime": 14}}