{"batch/loss": 2.646385669708252, "batch/accuracy": 0.1069972813129425, "batch/batch_step": 278, "batch/learning_rate": 9.250941366190091e-05, "_timestamp": 1672952952.860806, "_runtime": 10.736835956573486, "_step": 287, "epoch/loss": 2.646385669708252, "epoch/accuracy": 0.1069972813129425, "epoch/val_loss": 2.2078921794891357, "epoch/val_accuracy": 0.0, "epoch/epoch": 8, "epoch/learning_rate": 9.250941366190091e-05, "_wandb": {"runtime": 11}}