{"batch/loss": 2.2391669750213623, "batch/accuracy": 0.19681380689144135, "batch/batch_step": 359, "batch/learning_rate": 0.001878294162452221, "_timestamp": 1672944352.9204624, "_runtime": 34.48269844055176, "_step": 371, "epoch/loss": 2.2391669750213623, "epoch/accuracy": 0.19681380689144135, "epoch/val_loss": 4.985586643218994, "epoch/val_accuracy": 0.0, "epoch/epoch": 11, "epoch/learning_rate": 0.001878294162452221, "_wandb": {"runtime": 36}}