{"batch/loss": 0.16386064887046814, "batch/accuracy": 0.09578242152929306, "batch/batch_step": 622, "batch/learning_rate": 0.0005282851634547114, "_timestamp": 1672942336.1011524, "_runtime": 10.35390043258667, "_step": 319, "epoch/loss": 0.16386064887046814, "epoch/accuracy": 0.09578242152929306, "epoch/val_loss": 0.1579888015985489, "epoch/val_accuracy": 0.1310615986585617, "epoch/epoch": 7, "epoch/learning_rate": 0.0005282851634547114, "_wandb": {"runtime": 10}}