{"batch/loss": 1.6527353525161743, "batch/accuracy": 0.4069923758506775, "batch/batch_step": 674, "batch/learning_rate": 0.0002404323167866096, "_timestamp": 1672942045.8950477, "_runtime": 15.803585767745972, "_step": 350, "epoch/loss": 1.6527353525161743, "epoch/accuracy": 0.4069923758506775, "epoch/val_loss": 12.269460678100586, "epoch/val_accuracy": 0.10477081686258316, "epoch/epoch": 12, "epoch/learning_rate": 0.0002404323167866096, "_wandb": {"runtime": 16}}