{"batch/loss": 0.3211396336555481, "batch/accuracy": 0.3484848439693451, "batch/batch_step": 134, "batch/learning_rate": 1.4965228274377296e-06, "_timestamp": 1672900964.5443425, "_runtime": 16.658592462539673, "_step": 71, "epoch/loss": 0.3218154311180115, "epoch/accuracy": 0.3472973108291626, "epoch/val_loss": 0.3823910057544708, "epoch/val_accuracy": 0.2345132678747177, "epoch/epoch": 3, "epoch/learning_rate": 1.4965228274377296e-06, "_wandb": {"runtime": 17}}