{"batch/loss": 2.0054917335510254, "batch/accuracy": 0.27452054619789124, "batch/batch_step": 306, "batch/learning_rate": 0.00267574330791831, "_timestamp": 1672952692.1652038, "_runtime": 32.49847388267517, "_step": 167, "epoch/loss": 2.0054917335510254, "epoch/accuracy": 0.27452054619789124, "epoch/val_loss": 3.146862030029297, "epoch/val_accuracy": 0.0, "epoch/epoch": 13, "epoch/learning_rate": 0.00267574330791831, "_wandb": {"runtime": 32}}