{"batch/loss": 0.09812209010124207, "batch/accuracy": 0.009073234163224697, "batch/batch_step": 76, "batch/learning_rate": 0.0001903182128444314, "_timestamp": 1672944897.1635816, "_runtime": 4.381597518920898, "_step": 41, "epoch/loss": 0.09812209010124207, "epoch/accuracy": 0.009073234163224697, "epoch/val_loss": 0.08465005457401276, "epoch/val_accuracy": 0.1707455962896347, "epoch/epoch": 2, "epoch/learning_rate": 0.0001903182128444314, "_wandb": {"runtime": 4}}