{"batch/loss": 0.1604972630739212, "batch/accuracy": 0.11355002224445343, "batch/batch_step": 792, "batch/learning_rate": 0.0007059327908791602, "_timestamp": 1672942149.940064, "_runtime": 16.869680881500244, "_step": 805, "epoch/loss": 0.1604972630739212, "epoch/accuracy": 0.11355002224445343, "epoch/val_loss": 0.18013235926628113, "epoch/val_accuracy": 0.0, "epoch/epoch": 12, "epoch/learning_rate": 0.0007059327908791602, "_wandb": {"runtime": 16}}