{"batch/loss": 1.4331951141357422, "batch/accuracy": 0.15625, "batch/batch_step": 17200, "batch/learning_rate": 0.002785765565931797, "_timestamp": 1673020873.391841, "_runtime": 117.20125794410706, "_step": 345, "epoch/loss": 1.3666365146636963, "epoch/accuracy": 0.30638954043388367, "epoch/val_loss": 1.492635726928711, "epoch/val_accuracy": 0.14153845608234406, "epoch/epoch": 172, "epoch/learning_rate": 0.0027800556272268295, "_wandb": {"runtime": 174}}