{"batch/loss": 2.3727715015411377, "batch/accuracy": 0.11649726331233978, "batch/batch_step": 239, "batch/learning_rate": 0.0012744833948090672, "_timestamp": 1672944971.9547482, "_runtime": 11.16979718208313, "_step": 249, "epoch/loss": 2.3727715015411377, "epoch/accuracy": 0.11649726331233978, "epoch/val_loss": 2.541567802429199, "epoch/val_accuracy": 0.032345011830329895, "epoch/epoch": 9, "epoch/learning_rate": 0.0012744833948090672, "_wandb": {"runtime": 11}}