{"batch/loss": 2.375703811645508, "batch/accuracy": 0.115234375, "batch/batch_step": 51500, "batch/learning_rate": 0.20852039754390717, "_timestamp": 1672972226.0901217, "_runtime": 48.81201982498169, "_step": 1031, "epoch/loss": 2.353661298751831, "epoch/accuracy": 0.1197500005364418, "epoch/val_loss": 2.748610496520996, "epoch/val_accuracy": 0.07850000262260437, "epoch/epoch": 515, "epoch/learning_rate": 0.2097734957933426, "_wandb": {"runtime": 48}}