{"batch/loss": 0.08635811507701874, "batch/accuracy": 0.10274431109428406, "batch/batch_step": 439, "batch/learning_rate": 0.0024114949628710747, "_timestamp": 1672943712.365612, "_runtime": 18.30235004425049, "_step": 447, "epoch/loss": 0.08635811507701874, "epoch/accuracy": 0.10274431109428406, "epoch/val_loss": 0.08903946727514267, "epoch/val_accuracy": 0.0, "epoch/epoch": 7, "epoch/learning_rate": 0.0024114949628710747, "_wandb": {"runtime": 18}}