{"batch/loss": 2.076218843460083, "batch/accuracy": 0.21254946291446686, "batch/batch_step": 173, "batch/learning_rate": 0.001832214300520718, "_timestamp": 1672952820.2961662, "_runtime": 8.101094245910645, "_step": 179, "epoch/loss": 2.076218843460083, "epoch/accuracy": 0.21254946291446686, "epoch/val_loss": 3.158547878265381, "epoch/val_accuracy": 0.020248204469680786, "epoch/epoch": 5, "epoch/learning_rate": 0.001832214300520718, "_wandb": {"runtime": 8}}