{"batch/loss": 0.1632188856601715, "batch/accuracy": 0.09455292671918869, "batch/batch_step": 574, "batch/learning_rate": 0.0005714010912925005, "_timestamp": 1672941994.5886185, "_runtime": 13.785077571868896, "_step": 299, "epoch/loss": 0.1632188856601715, "epoch/accuracy": 0.09455292671918869, "epoch/val_loss": 0.17968535423278809, "epoch/val_accuracy": 0.0, "epoch/epoch": 11, "epoch/learning_rate": 0.0005714010912925005, "_wandb": {"runtime": 14}}