{"batch/loss": 0.07255677878856659, "batch/accuracy": 0.99609375, "batch/batch_step": 182200, "batch/learning_rate": 0.0022380726877599955, "_timestamp": 1672971460.6649725, "_runtime": 218.53965163230896, "_step": 3645, "epoch/loss": 0.07582243531942368, "epoch/accuracy": 0.9915000200271606, "epoch/val_loss": 0.608199417591095, "epoch/val_accuracy": 0.8679999709129333, "epoch/epoch": 1822, "epoch/learning_rate": 0.002237735316157341, "_wandb": {"runtime": 312}}