{"batch/loss": 2.3911807537078857, "batch/accuracy": 0.12531016767024994, "batch/batch_step": 219, "batch/learning_rate": 0.0006203493685461581, "_timestamp": 1672943042.0664847, "_runtime": 11.049880743026733, "_step": 224, "epoch/loss": 2.3911807537078857, "epoch/accuracy": 0.12531016767024994, "epoch/val_loss": 2.4053571224212646, "epoch/val_accuracy": 0.0, "epoch/epoch": 4, "epoch/learning_rate": 0.0006203493685461581, "_wandb": {"runtime": 11}}