{"batch/loss": 0.5624600648880005, "batch/accuracy": 0.943359375, "batch/batch_step": 136000, "batch/learning_rate": 1.500805950627182e-07, "_timestamp": 1672972616.0874102, "_runtime": 101.55595827102661, "_step": 2721, "epoch/loss": 0.5519479513168335, "epoch/accuracy": 0.9549999833106995, "epoch/val_loss": 1.0572805404663086, "epoch/val_accuracy": 0.6184999942779541, "epoch/epoch": 1360, "epoch/learning_rate": 1.4895171318585199e-07, "_wandb": {"runtime": 101}}