{"batch/loss": 2.931089401245117, "batch/accuracy": 0.06909430772066116, "batch/batch_step": 174, "batch/learning_rate": 0.00021210045088082552, "_timestamp": 1672945075.3045583, "_runtime": 27.987000226974487, "_step": 95, "epoch/loss": 2.929705858230591, "epoch/accuracy": 0.06855575740337372, "epoch/val_loss": 2.5574851036071777, "epoch/val_accuracy": 0.1169537603855133, "epoch/epoch": 7, "epoch/learning_rate": 0.00021210045088082552, "_wandb": {"runtime": 28}}