{"batch/loss": 0.17216052114963531, "batch/accuracy": 0.04880775138735771, "batch/batch_step": 680, "batch/learning_rate": 6.640346691710874e-05, "_timestamp": 1672941948.5752492, "_runtime": 13.637127161026001, "_step": 351, "epoch/loss": 0.17214184999465942, "epoch/accuracy": 0.04887908697128296, "epoch/val_loss": 0.08851397037506104, "epoch/val_accuracy": 0.5129533410072327, "epoch/epoch": 10, "epoch/learning_rate": 6.640346691710874e-05, "_wandb": {"runtime": 13}}