{"batch/loss": 2.246058464050293, "batch/accuracy": 0.18005432188510895, "batch/batch_step": 391, "batch/learning_rate": 0.0005604577600024641, "_timestamp": 1672941821.6584544, "_runtime": 10.335127353668213, "_step": 399, "epoch/loss": 2.246058464050293, "epoch/accuracy": 0.18005432188510895, "epoch/val_loss": 4.8618245124816895, "epoch/val_accuracy": 0.0, "epoch/epoch": 7, "epoch/learning_rate": 0.0005604577600024641, "_wandb": {"runtime": 10}}