{"batch/loss": 0.13576379418373108, "batch/accuracy": 0.984375, "batch/batch_step": 186900, "batch/learning_rate": 0.0005691437399946153, "_timestamp": 1673035801.791654, "_runtime": 489.28061604499817, "_step": 3739, "epoch/loss": 0.13572615385055542, "epoch/accuracy": 0.9868420958518982, "epoch/val_loss": 0.16627974808216095, "epoch/val_accuracy": 0.9667590260505676, "epoch/epoch": 1869, "epoch/learning_rate": 0.0005690293619409204, "_wandb": {"runtime": 529}}