{"batch/loss": 0.16005215048789978, "batch/accuracy": 0.11756817251443863, "batch/batch_step": 423, "batch/learning_rate": 0.000594574841670692, "_timestamp": 1672941777.3706121, "_runtime": 10.597652196884155, "_step": 431, "epoch/loss": 0.16005215048789978, "epoch/accuracy": 0.11756817251443863, "epoch/val_loss": 0.18031904101371765, "epoch/val_accuracy": 0.007525870110839605, "epoch/epoch": 7, "epoch/learning_rate": 0.000594574841670692, "_wandb": {"runtime": 10}}