{"batch/loss": 1.4263839721679688, "batch/accuracy": 0.15625, "batch/batch_step": 11600, "batch/learning_rate": 0.0022815612610429525, "_timestamp": 1673022557.4228797, "_runtime": 144.49020957946777, "_step": 233, "epoch/loss": 1.3928229808807373, "epoch/accuracy": 0.2603878080844879, "epoch/val_loss": 1.3841887712478638, "epoch/val_accuracy": 0.2845304012298584, "epoch/epoch": 116, "epoch/learning_rate": 0.0022763009183108807, "_wandb": {"runtime": 188}}