{"batch/loss": 0.06621155142784119, "batch/accuracy": 0.34090909361839294, "batch/batch_step": 1660, "batch/learning_rate": 0.0010000000474974513, "_timestamp": 1672947171.058363, "_runtime": 276.8690228462219, "_step": 1811, "epoch/loss": 0.06621155142784119, "epoch/accuracy": 0.34090909361839294, "epoch/val_loss": 0.1245131716132164, "epoch/val_accuracy": 0.0, "epoch/epoch": 150, "epoch/learning_rate": 0.0010000000474974513, "_wandb": {"runtime": 311}}