{"batch/loss": 0.16101907193660736, "batch/accuracy": 0.11401515454053879, "batch/batch_step": 497, "batch/learning_rate": 0.0010000000474974513, "_timestamp": 1672941015.7861245, "_runtime": 17.179771423339844, "_step": 503, "epoch/loss": 0.16101907193660736, "epoch/accuracy": 0.11401515454053879, "epoch/val_loss": 0.18181821703910828, "epoch/val_accuracy": 0.0, "epoch/epoch": 5, "epoch/learning_rate": 0.0010000000474974513, "_wandb": {"runtime": 17}}