{"batch/loss": 0.659363865852356, "batch/accuracy": 0.8671875, "batch/batch_step": 140700, "batch/learning_rate": 8.414526178057713e-07, "_timestamp": 1672972143.1872175, "_runtime": 130.97734951972961, "_step": 2815, "epoch/loss": 0.6294255256652832, "epoch/accuracy": 0.8871250152587891, "epoch/val_loss": 1.1068034172058105, "epoch/val_accuracy": 0.5715000033378601, "epoch/epoch": 1407, "epoch/learning_rate": 8.362643484360888e-07, "_wandb": {"runtime": 147}}