{"batch/loss": 0.1685139387845993, "batch/accuracy": 0.06854838877916336, "batch/batch_step": 1714, "batch/learning_rate": 7.196045044111088e-05, "_timestamp": 1672942382.101192, "_runtime": 15.537789106369019, "_step": 868, "epoch/loss": 0.1685139387845993, "epoch/accuracy": 0.06854838877916336, "epoch/val_loss": 0.12671896815299988, "epoch/val_accuracy": 0.30243903398513794, "epoch/epoch": 10, "epoch/learning_rate": 7.196045044111088e-05, "_wandb": {"runtime": 16}}