{"batch/loss": 0.20791397988796234, "batch/accuracy": 0.19298245012760162, "batch/batch_step": 158, "batch/learning_rate": 1.9907631667592796e-06, "_timestamp": 1672900447.5419571, "_runtime": 30.456364154815674, "_step": 87, "epoch/loss": 0.20822004973888397, "epoch/accuracy": 0.19210977852344513, "epoch/val_loss": 0.20617473125457764, "epoch/val_accuracy": 0.16971279680728912, "epoch/epoch": 7, "epoch/learning_rate": 1.9907631667592796e-06, "_wandb": {"runtime": 32}}