{"batch/loss": 1.3875887393951416, "batch/accuracy": 0.28125, "batch/batch_step": 37300, "batch/learning_rate": 0.0004147241124883294, "_timestamp": 1673022927.8579926, "_runtime": 284.2915575504303, "_step": 747, "epoch/loss": 1.3745415210723877, "epoch/accuracy": 0.30540165305137634, "epoch/val_loss": 1.3565285205841064, "epoch/val_accuracy": 0.31215471029281616, "epoch/epoch": 373, "epoch/learning_rate": 0.0004137679352425039, "_wandb": {"runtime": 313}}