{"batch/loss": 2.4593865871429443, "batch/accuracy": 0.10393258184194565, "batch/batch_step": 70, "batch/learning_rate": 0.0031742844730615616, "_timestamp": 1672944863.8894305, "_runtime": 6.828873634338379, "_step": 41, "epoch/loss": 2.4593865871429443, "epoch/accuracy": 0.10393258184194565, "epoch/val_loss": 2.5930652618408203, "epoch/val_accuracy": 0.023297490552067757, "epoch/epoch": 5, "epoch/learning_rate": 0.0031742844730615616, "_wandb": {"runtime": 7}}