{"batch/loss": 0.08588529378175735, "batch/accuracy": 0.09642733633518219, "batch/batch_step": 318, "batch/learning_rate": 0.0009639648487791419, "_timestamp": 1672952779.1387126, "_runtime": 12.278592586517334, "_step": 169, "epoch/loss": 0.08594270050525665, "epoch/accuracy": 0.09591354429721832, "epoch/val_loss": 0.0878818929195404, "epoch/val_accuracy": 0.0, "epoch/epoch": 9, "epoch/learning_rate": 0.0009639648487791419, "_wandb": {"runtime": 12}}