{"batch/loss": 2.3890841007232666, "batch/accuracy": 0.10550139099359512, "batch/batch_step": 319, "batch/learning_rate": 0.0011079444084316492, "_timestamp": 1672942186.8105447, "_runtime": 6.369733810424805, "_step": 323, "epoch/loss": 2.3890841007232666, "epoch/accuracy": 0.10550139099359512, "epoch/val_loss": 2.4252452850341797, "epoch/val_accuracy": 0.0, "epoch/epoch": 3, "epoch/learning_rate": 0.0011079444084316492, "_wandb": {"runtime": 6}}