{"batch/loss": 1.7308955192565918, "batch/accuracy": 0.09375, "batch/batch_step": 1000, "batch/learning_rate": 0.00397321255877614, "_timestamp": 1672984226.377161, "_runtime": 5.335355043411255, "_step": 21, "epoch/loss": 1.303768515586853, "epoch/accuracy": 0.393782377243042, "epoch/val_loss": 1.76731276512146, "epoch/val_accuracy": 0.0, "epoch/epoch": 10, "epoch/learning_rate": 0.003970767837017775, "_wandb": {"runtime": 12}}