{"batch/loss": 0.39479494094848633, "batch/accuracy": 0.20965057611465454, "batch/batch_step": 189, "batch/learning_rate": 1.6098075548143242e-06, "_timestamp": 1672900560.0775743, "_runtime": 21.33655834197998, "_step": 194, "epoch/loss": 0.39479494094848633, "epoch/accuracy": 0.20965057611465454, "epoch/val_loss": 0.40821918845176697, "epoch/val_accuracy": 0.18356163799762726, "epoch/epoch": 4, "epoch/learning_rate": 1.6098075548143242e-06, "_wandb": {"runtime": 22}}