{"batch/loss": 0.09358882158994675, "batch/accuracy": 0.056155506521463394, "batch/batch_step": 77, "batch/learning_rate": 0.002637074328958988, "_timestamp": 1672943935.937356, "_runtime": 13.519293069839478, "_step": 83, "epoch/loss": 0.09358882158994675, "epoch/accuracy": 0.056155506521463394, "epoch/val_loss": 0.08110342919826508, "epoch/val_accuracy": 0.15646257996559143, "epoch/epoch": 5, "epoch/learning_rate": 0.002637074328958988, "_wandb": {"runtime": 13}}