{"batch/loss": 0.07084617763757706, "batch/accuracy": 0.55859375, "batch/batch_step": 38800, "batch/learning_rate": 0.009999999776482582, "_timestamp": 1672958989.595193, "_runtime": 72.15367388725281, "_step": 777, "epoch/loss": 0.06013926491141319, "epoch/accuracy": 0.6401041746139526, "epoch/val_loss": 0.07422550022602081, "epoch/val_accuracy": 0.09791667014360428, "epoch/epoch": 388, "epoch/learning_rate": 0.009999999776482582, "_wandb": {"runtime": 149}}