{"batch/loss": 2.4119131565093994, "batch/accuracy": 0.12655512988567352, "batch/batch_step": 382, "batch/learning_rate": 0.0008797066984698176, "_timestamp": 1672943225.4394584, "_runtime": 13.206542253494263, "_step": 197, "epoch/loss": 2.4114491939544678, "epoch/accuracy": 0.12605753540992737, "epoch/val_loss": 2.4162561893463135, "epoch/val_accuracy": 0.0, "epoch/epoch": 5, "epoch/learning_rate": 0.0008797066984698176, "_wandb": {"runtime": 14}}