{"batch/loss": 0.14812859892845154, "batch/accuracy": 0.18080808222293854, "batch/batch_step": 398, "batch/learning_rate": 0.001015184330753982, "_timestamp": 1672942688.9607823, "_runtime": 19.855921268463135, "_step": 209, "epoch/loss": 0.14812859892845154, "epoch/accuracy": 0.18080808222293854, "epoch/val_loss": 0.1794280856847763, "epoch/val_accuracy": 0.0, "epoch/epoch": 9, "epoch/learning_rate": 0.001015184330753982, "_wandb": {"runtime": 20}}