{"batch/loss": 0.08563107997179031, "batch/accuracy": 0.13997477293014526, "batch/batch_step": 138, "batch/learning_rate": 0.0005485636065714061, "_timestamp": 1672944454.1082468, "_runtime": 13.050465822219849, "_step": 79, "epoch/loss": 0.08562767505645752, "epoch/accuracy": 0.13788895308971405, "epoch/val_loss": 0.08470040559768677, "epoch/val_accuracy": 0.06261288374662399, "epoch/epoch": 9, "epoch/learning_rate": 0.0005485636065714061, "_wandb": {"runtime": 13}}