{"batch/loss": 2.3930842876434326, "batch/accuracy": 0.10277677327394485, "batch/batch_step": 281, "batch/learning_rate": 0.0010152611648663878, "_timestamp": 1672941737.4262755, "_runtime": 8.633134603500366, "_step": 287, "epoch/loss": 2.3930842876434326, "epoch/accuracy": 0.10277677327394485, "epoch/val_loss": 4.823873996734619, "epoch/val_accuracy": 0.0, "epoch/epoch": 5, "epoch/learning_rate": 0.0010152611648663878, "_wandb": {"runtime": 9}}