{"batch/loss": 0.16193026304244995, "batch/accuracy": 0.10405785590410233, "batch/batch_step": 278, "batch/learning_rate": 0.0005643279291689396, "_timestamp": 1672941470.3004408, "_runtime": 10.119601726531982, "_step": 146, "epoch/loss": 0.16193026304244995, "epoch/accuracy": 0.10405785590410233, "epoch/val_loss": 0.1664593666791916, "epoch/val_accuracy": 0.07274968922138214, "epoch/epoch": 6, "epoch/learning_rate": 0.0005643279291689396, "_wandb": {"runtime": 10}}