{"batch/loss": 0.010203665122389793, "batch/accuracy": 1.0, "batch/batch_step": 653000, "batch/learning_rate": 0.0018682429799810052, "_timestamp": 1672963186.5852935, "_runtime": 725.061229467392, "_step": 13061, "epoch/loss": 0.013786441646516323, "epoch/accuracy": 0.9448924660682678, "epoch/val_loss": 0.016477931290864944, "epoch/val_accuracy": 1.0, "epoch/epoch": 6530, "epoch/learning_rate": 0.00186798011418432, "_wandb": {"runtime": 776}}