{"batch/loss": 1.543236255645752, "batch/accuracy": 0.3782420754432678, "batch/batch_step": 530, "batch/learning_rate": 0.004032450262457132, "_timestamp": 1672953057.460472, "_runtime": 16.33453917503357, "_step": 279, "epoch/loss": 1.543236255645752, "epoch/accuracy": 0.3782420754432678, "epoch/val_loss": 4.1561737060546875, "epoch/val_accuracy": 0.0, "epoch/epoch": 13, "epoch/learning_rate": 0.004032450262457132, "_wandb": {"runtime": 16}}