{"batch/loss": 0.5670936107635498, "batch/accuracy": 0.947265625, "batch/batch_step": 76100, "batch/learning_rate": 1.0643586279002193e-07, "_timestamp": 1672972690.7995489, "_runtime": 58.21140384674072, "_step": 1523, "epoch/loss": 0.5602830052375793, "epoch/accuracy": 0.9595000147819519, "epoch/val_loss": 1.2275888919830322, "epoch/val_accuracy": 0.6215000152587891, "epoch/epoch": 761, "epoch/learning_rate": 1.0495349300754242e-07, "_wandb": {"runtime": 57}}