{"batch/loss": 0.08305571973323822, "batch/accuracy": 0.15795454382896423, "batch/batch_step": 835, "batch/learning_rate": 0.009999999776482582, "_timestamp": 1672954261.7810135, "_runtime": 221.0654366016388, "_step": 911, "epoch/loss": 0.08305571973323822, "epoch/accuracy": 0.15795454382896423, "epoch/val_loss": 0.08214034140110016, "epoch/val_accuracy": 0.09090909361839294, "epoch/epoch": 75, "epoch/learning_rate": 0.009999999776482582}