{"batch/loss": 2.3884963989257812, "batch/accuracy": 0.091796875, "batch/batch_step": 65800, "batch/learning_rate": 0.5499061346054077, "_timestamp": 1672971980.4107301, "_runtime": 63.40173602104187, "_step": 1317, "epoch/loss": 2.3612043857574463, "epoch/accuracy": 0.10824999958276749, "epoch/val_loss": 2.7633936405181885, "epoch/val_accuracy": 0.07000000029802322, "epoch/epoch": 658, "epoch/learning_rate": 0.5540145039558411, "_wandb": {"runtime": 76}}