{"batch/loss": 0.0045166658237576485, "batch/accuracy": 1.0, "batch/batch_step": 999900, "batch/learning_rate": 0.009999999776482582, "_timestamp": 1672961554.82414, "_runtime": 1075.815903186798, "_step": 19999, "epoch/loss": 0.010134587995707989, "epoch/accuracy": 0.9448924660682678, "epoch/val_loss": 0.03995167836546898, "epoch/val_accuracy": 0.6236559152603149, "epoch/epoch": 9999, "epoch/learning_rate": 0.009999999776482582, "_wandb": {"runtime": 1704}}