{"batch/loss": 0.08585039526224136, "batch/accuracy": 0.11131725460290909, "batch/batch_step": 648, "batch/learning_rate": 0.007865293882787228, "_timestamp": 1672944500.0645564, "_runtime": 15.79476547241211, "_step": 337, "epoch/loss": 0.08582533895969391, "epoch/accuracy": 0.1121365949511528, "epoch/val_loss": 0.08814127743244171, "epoch/val_accuracy": 0.0, "epoch/epoch": 12, "epoch/learning_rate": 0.007865293882787228, "_wandb": {"runtime": 16}}