{"batch/loss": 0.09789339452981949, "batch/accuracy": 0.0, "batch/batch_step": 0, "batch/learning_rate": 0.009999999776482582, "_timestamp": 1672959878.7428215, "_runtime": 27.21224355697632, "_step": 0}