{"batch/loss": 1.3996524810791016, "batch/accuracy": 0.2890625, "batch/batch_step": 1600, "batch/learning_rate": 0.0009950369130820036, "_timestamp": 1673033610.632128, "_runtime": 89.37466096878052, "_step": 33, "epoch/loss": 1.4228030443191528, "epoch/accuracy": 0.2749307453632355, "epoch/val_loss": 1.3737846612930298, "epoch/val_accuracy": 0.2548476457595825, "epoch/epoch": 16, "epoch/learning_rate": 0.000994781730696559}