{"batch/loss": 0.8646164536476135, "batch/accuracy": 0.90625, "batch/batch_step": 14300, "batch/learning_rate": 0.0033053241204470396, "_timestamp": 1672986728.849765, "_runtime": 65.09533405303955, "_step": 287, "epoch/loss": 1.3723772764205933, "epoch/accuracy": 0.3740648329257965, "epoch/val_loss": 1.506880760192871, "epoch/val_accuracy": 0.22885571420192719, "epoch/epoch": 143, "epoch/learning_rate": 0.0033010884653776884, "_wandb": {"runtime": 78}}