{"batch/loss": 2.3841280937194824, "batch/accuracy": 0.10492733120918274, "batch/batch_step": 974, "batch/learning_rate": 0.0014430431183427572, "_timestamp": 1672942478.3700154, "_runtime": 17.953224420547485, "_step": 987, "epoch/loss": 2.3841280937194824, "epoch/accuracy": 0.10492733120918274, "epoch/val_loss": 2.552626848220825, "epoch/val_accuracy": 0.0, "epoch/epoch": 12, "epoch/learning_rate": 0.0014430431183427572, "_wandb": {"runtime": 18}}