{"batch/loss": 2.3845741748809814, "batch/accuracy": 0.13951580226421356, "batch/batch_step": 726, "batch/learning_rate": 0.0002504394215065986, "_timestamp": 1672941899.1940405, "_runtime": 15.576467514038086, "_step": 376, "epoch/loss": 2.3845741748809814, "epoch/accuracy": 0.13951580226421356, "epoch/val_loss": 4.537842273712158, "epoch/val_accuracy": 0.0, "epoch/epoch": 12, "epoch/learning_rate": 0.0002504394215065986, "_wandb": {"runtime": 15}}