{"batch/loss": 0.9187121987342834, "batch/accuracy": 0.884765625, "batch/batch_step": 69600, "batch/learning_rate": 6.245625883138928e-08, "_timestamp": 1672972777.2160172, "_runtime": 53.09735631942749, "_step": 1393, "epoch/loss": 0.9008229970932007, "epoch/accuracy": 0.8982499837875366, "epoch/val_loss": 1.5538681745529175, "epoch/val_accuracy": 0.5774999856948853, "epoch/epoch": 696, "epoch/learning_rate": 6.145668152157668e-08, "_wandb": {"runtime": 52}}