{"batch/loss": 0.1738126277923584, "batch/accuracy": 0.035829123109579086, "batch/batch_step": 139, "batch/learning_rate": 0.0004640879633370787, "_timestamp": 1672941857.7650683, "_runtime": 5.7564332485198975, "_step": 143, "epoch/loss": 0.1738126277923584, "epoch/accuracy": 0.035829123109579086, "epoch/val_loss": 0.15920034050941467, "epoch/val_accuracy": 0.11041852086782455, "epoch/epoch": 3, "epoch/learning_rate": 0.0004640879633370787, "_wandb": {"runtime": 6}}