{"batch/loss": 0.15868741273880005, "batch/accuracy": 0.11882659047842026, "batch/batch_step": 727, "batch/learning_rate": 0.0003266010317020118, "_timestamp": 1672942434.9679046, "_runtime": 10.577259540557861, "_step": 734, "epoch/loss": 0.15868741273880005, "epoch/accuracy": 0.11882659047842026, "epoch/val_loss": 0.18130257725715637, "epoch/val_accuracy": 0.0, "epoch/epoch": 6, "epoch/learning_rate": 0.0003266010317020118, "_wandb": {"runtime": 11}}