{"batch/loss": 0.08350278437137604, "batch/accuracy": 0.99609375, "batch/batch_step": 188800, "batch/learning_rate": 0.0007478322950191796, "_timestamp": 1673031940.0622087, "_runtime": 531.5861876010895, "_step": 3777, "epoch/loss": 0.08860473334789276, "epoch/accuracy": 0.9951523542404175, "epoch/val_loss": 0.11968103051185608, "epoch/val_accuracy": 0.9722991585731506, "epoch/epoch": 1888, "epoch/learning_rate": 0.0007477555773220956, "_wandb": {"runtime": 574}}