{"batch/loss": 0.373528391122818, "batch/accuracy": 0.24727272987365723, "batch/batch_step": 126, "batch/learning_rate": 5.431968475022586e-07, "_timestamp": 1672900622.918196, "_runtime": 30.832870960235596, "_step": 71, "epoch/loss": 0.37459245324134827, "epoch/accuracy": 0.24519230425357819, "epoch/val_loss": 0.4440258741378784, "epoch/val_accuracy": 0.11194030195474625, "epoch/epoch": 7, "epoch/learning_rate": 5.431968475022586e-07, "_wandb": {"runtime": 32}}