{"batch/loss": 0.09030831605195999, "batch/accuracy": 0.0933062881231308, "batch/batch_step": 335, "batch/learning_rate": 0.0025386817287653685, "_timestamp": 1672944187.075922, "_runtime": 27.44239902496338, "_step": 349, "epoch/loss": 0.09030831605195999, "epoch/accuracy": 0.0933062881231308, "epoch/val_loss": 0.08362085372209549, "epoch/val_accuracy": 0.1515650749206543, "epoch/epoch": 13, "epoch/learning_rate": 0.0025386817287653685, "_wandb": {"runtime": 28}}