{"batch/loss": 2.319985866546631, "batch/accuracy": 0.1603773534297943, "batch/batch_step": 79, "batch/learning_rate": 0.002722343197092414, "_timestamp": 1672944412.5202734, "_runtime": 17.79977250099182, "_step": 83, "epoch/loss": 2.319985866546631, "epoch/accuracy": 0.1603773534297943, "epoch/val_loss": 3.613619089126587, "epoch/val_accuracy": 0.0, "epoch/epoch": 3, "epoch/learning_rate": 0.002722343197092414, "_wandb": {"runtime": 17}}