{"batch/loss": 2.375718832015991, "batch/accuracy": 0.12228654325008392, "batch/batch_step": 539, "batch/learning_rate": 7.733025267953053e-05, "_timestamp": 1672943084.752087, "_runtime": 13.945029020309448, "_step": 545, "epoch/loss": 2.375718832015991, "epoch/accuracy": 0.12228654325008392, "epoch/val_loss": 7.549259662628174, "epoch/val_accuracy": 0.0018656715983524919, "epoch/epoch": 5, "epoch/learning_rate": 7.733025267953053e-05, "_wandb": {"runtime": 14}}