{"batch/loss": 0.37204065918922424, "batch/accuracy": 0.2514880895614624, "batch/batch_step": 20, "batch/learning_rate": 0.0010000000474974513, "_timestamp": 1672894283.3431222, "_runtime": 8.781612157821655, "_step": 5, "epoch/loss": 0.3769938051700592, "epoch/accuracy": 0.24222798645496368, "epoch/val_loss": 0.34536081552505493, "epoch/val_accuracy": 0.30927833914756775, "epoch/epoch": 0, "epoch/learning_rate": 0.0010000000474974513, "_wandb": {"runtime": 12}}