{"batch/loss": 0.407166451215744, "batch/accuracy": 0.1818181872367859, "batch/batch_step": 78, "batch/learning_rate": 1.4578798754882882e-06, "_timestamp": 1672900864.7523553, "_runtime": 21.01055145263672, "_step": 44, "epoch/loss": 0.4077582359313965, "epoch/accuracy": 0.18063583970069885, "epoch/val_loss": 0.3832116723060608, "epoch/val_accuracy": 0.23357664048671722, "epoch/epoch": 4, "epoch/learning_rate": 1.4578798754882882e-06, "_wandb": {"runtime": 22}}