{"batch/loss": 2.3772473335266113, "batch/accuracy": 0.1433601677417755, "batch/batch_step": 287, "batch/learning_rate": 0.0018473640084266663, "_timestamp": 1672942221.6209612, "_runtime": 10.393356084823608, "_step": 296, "epoch/loss": 2.3772473335266113, "epoch/accuracy": 0.1433601677417755, "epoch/val_loss": 2.439842939376831, "epoch/val_accuracy": 0.0, "epoch/epoch": 8, "epoch/learning_rate": 0.0018473640084266663, "_wandb": {"runtime": 11}}