{"batch/loss": 2.385589361190796, "batch/accuracy": 0.10468920320272446, "batch/batch_step": 790, "batch/learning_rate": 0.0010014023864641786, "_timestamp": 1672942972.3956754, "_runtime": 34.80406451225281, "_step": 401, "epoch/loss": 2.3855676651000977, "epoch/accuracy": 0.10507246106863022, "epoch/val_loss": 2.468625068664551, "epoch/val_accuracy": 0.0, "epoch/epoch": 5, "epoch/learning_rate": 0.0010014023864641786, "_wandb": {"runtime": 35}}