{"batch/loss": 0.08443857729434967, "batch/accuracy": 0.14240282773971558, "batch/batch_step": 311, "batch/learning_rate": 0.0036137832794338465, "_timestamp": 1672944601.7360325, "_runtime": 14.229339599609375, "_step": 324, "epoch/loss": 0.08443857729434967, "epoch/accuracy": 0.14240282773971558, "epoch/val_loss": 0.0935572162270546, "epoch/val_accuracy": 0.0, "epoch/epoch": 12, "epoch/learning_rate": 0.0036137832794338465, "_wandb": {"runtime": 14}}