{"batch/loss": 0.07232189178466797, "batch/accuracy": 0.9921875, "batch/batch_step": 225700, "batch/learning_rate": 0.0004977791686542332, "_timestamp": 1672977804.7105496, "_runtime": 353.03879261016846, "_step": 4515, "epoch/loss": 0.07769416272640228, "epoch/accuracy": 0.9885650277137756, "epoch/val_loss": 0.7997602820396423, "epoch/val_accuracy": 0.7968609929084778, "epoch/epoch": 2257, "epoch/learning_rate": 0.0004973452887497842, "_wandb": {"runtime": 465}}