{"batch/loss": 0.6986393928527832, "batch/accuracy": 0.84375, "batch/batch_step": 91500, "batch/learning_rate": 2.1819828361913096e-06, "_timestamp": 1673035229.7571878, "_runtime": 247.45983695983887, "_step": 1831, "epoch/loss": 0.7017369866371155, "epoch/accuracy": 0.8400276899337769, "epoch/val_loss": 0.6176573634147644, "epoch/val_accuracy": 0.8836565017700195, "epoch/epoch": 915, "epoch/learning_rate": 2.172266476918594e-06, "_wandb": {"runtime": 263}}