{"batch/loss": 0.09007776528596878, "batch/accuracy": 0.07725464552640915, "batch/batch_step": 382, "batch/learning_rate": 0.0009292001486755908, "_timestamp": 1672944752.5986784, "_runtime": 14.263964414596558, "_step": 203, "epoch/loss": 0.09007776528596878, "epoch/accuracy": 0.07725464552640915, "epoch/val_loss": 0.07215780019760132, "epoch/val_accuracy": 0.035211268812417984, "epoch/epoch": 11, "epoch/learning_rate": 0.0009292001486755908, "_wandb": {"runtime": 14}}