{"batch/loss": 0.1564430445432663, "batch/accuracy": 0.1360415667295456, "batch/batch_step": 368, "batch/learning_rate": 0.0006172903231345117, "_timestamp": 1672942301.0545661, "_runtime": 7.157578229904175, "_step": 189, "epoch/loss": 0.1564667522907257, "epoch/accuracy": 0.1359131634235382, "epoch/val_loss": 0.18181639909744263, "epoch/val_accuracy": 0.0, "epoch/epoch": 4, "epoch/learning_rate": 0.0006172903231345117, "_wandb": {"runtime": 7}}