{"batch/loss": 0.16148045659065247, "batch/accuracy": 0.10830921679735184, "batch/batch_step": 298, "batch/learning_rate": 0.0015956502174958587, "_timestamp": 1672942853.8444076, "_runtime": 11.543464660644531, "_step": 154, "epoch/loss": 0.16151438653469086, "epoch/accuracy": 0.1081414446234703, "epoch/val_loss": 0.1818181574344635, "epoch/val_accuracy": 0.0, "epoch/epoch": 4, "epoch/learning_rate": 0.0015956502174958587, "_wandb": {"runtime": 12}}