{"batch/loss": 2.6723082065582275, "batch/accuracy": 0.18378378450870514, "batch/batch_step": 382, "batch/learning_rate": 0.0002196589339291677, "_timestamp": 1672943427.594633, "_runtime": 16.52132511138916, "_step": 199, "epoch/loss": 2.6723082065582275, "epoch/accuracy": 0.18378378450870514, "epoch/val_loss": 4.738247871398926, "epoch/val_accuracy": 0.04980237036943436, "epoch/epoch": 7, "epoch/learning_rate": 0.0002196589339291677, "_wandb": {"runtime": 17}}