{"batch/loss": 1.4888015985488892, "batch/accuracy": 0.1875, "batch/batch_step": 12900, "batch/learning_rate": 0.003301427001133561, "_timestamp": 1672987901.610411, "_runtime": 96.01249885559082, "_step": 259, "epoch/loss": 1.3848545551300049, "epoch/accuracy": 0.30812013149261475, "epoch/val_loss": 1.3523812294006348, "epoch/val_accuracy": 0.3377777636051178, "epoch/epoch": 129, "epoch/learning_rate": 0.003296688897535205, "_wandb": {"runtime": 113}}