{"batch/loss": 2.4288318157196045, "batch/accuracy": 0.13407015800476074, "batch/batch_step": 208, "batch/learning_rate": 0.00019705804879777133, "_timestamp": 1672944548.6957161, "_runtime": 8.938533067703247, "_step": 111, "epoch/loss": 2.4288318157196045, "epoch/accuracy": 0.13407015800476074, "epoch/val_loss": 2.813633680343628, "epoch/val_accuracy": 0.0, "epoch/epoch": 6, "epoch/learning_rate": 0.00019705804879777133, "_wandb": {"runtime": 9}}