{"batch/loss": 0.12936361134052277, "batch/accuracy": 0.9921875, "batch/batch_step": 37900, "batch/learning_rate": 0.00281882518902421, "_timestamp": 1672978770.5834675, "_runtime": 149.59632658958435, "_step": 759, "epoch/loss": 0.12428190559148788, "epoch/accuracy": 0.9911894202232361, "epoch/val_loss": 0.09379587322473526, "epoch/val_accuracy": 0.991629958152771, "epoch/epoch": 379, "epoch/learning_rate": 0.0028163681272417307, "_wandb": {"runtime": 204}}