{"batch/loss": 1.8918545246124268, "batch/accuracy": 0.317554235458374, "batch/batch_step": 362, "batch/learning_rate": 0.0008397724013775587, "_timestamp": 1672953157.5667582, "_runtime": 17.866197109222412, "_step": 195, "epoch/loss": 1.8918545246124268, "epoch/accuracy": 0.317554235458374, "epoch/val_loss": 3.2543115615844727, "epoch/val_accuracy": 0.0, "epoch/epoch": 13, "epoch/learning_rate": 0.0008397724013775587, "_wandb": {"runtime": 18}}