{"batch/loss": 0.08583220094442368, "batch/accuracy": 0.11363636702299118, "batch/batch_step": 318, "batch/learning_rate": 4.999999987376214e-07, "_timestamp": 1672951890.1562386, "_runtime": 87.61578249931335, "_step": 347, "epoch/loss": 0.08583220094442368, "epoch/accuracy": 0.11363636702299118, "epoch/val_loss": 0.08980507403612137, "epoch/val_accuracy": 0.0, "epoch/epoch": 28, "epoch/learning_rate": 4.999999987376214e-07}