{"batch/loss": 0.05220812186598778, "batch/accuracy": 1.0, "batch/batch_step": 39840, "batch/learning_rate": 0.009999999776482582, "_timestamp": 1672958625.124933, "_runtime": 33.36473989486694, "_step": 96, "epoch/loss": 0.06988600641489029, "epoch/accuracy": 0.3506944477558136, "epoch/val_loss": 0.08311055600643158, "epoch/val_accuracy": 0.0972222238779068, "epoch/epoch": 47, "epoch/learning_rate": 0.009999999776482582}